{
  "total_companies": 4557,
  "total_roles": 20400,
  "batch_files": [
    "companies_batch_001_20250625_015700.json",
    "companies_batch_002_20250625_021619.json",
    "companies_batch_003_20250625_023635.json",
    "companies_batch_004_20250625_025601.json",
    "companies_batch_005_20250625_031417.json",
    "companies_batch_006_20250625_033246.json",
    "companies_batch_007_20250625_035145.json",
    "companies_batch_008_20250625_041211.json",
    "companies_batch_009_20250625_043234.json",
    "companies_batch_010_20250625_045130.json",
    "companies_batch_011_20250625_051033.json",
    "companies_batch_012_20250625_052936.json",
    "companies_batch_013_20250625_055054.json",
    "companies_batch_014_20250625_060927.json",
    "companies_batch_015_20250625_062736.json",
    "companies_batch_016_20250625_064619.json",
    "companies_batch_017_20250625_070450.json",
    "companies_batch_018_20250625_072238.json",
    "companies_batch_019_20250625_074102.json",
    "companies_batch_020_20250625_080056.json",
    "companies_batch_021_20250625_082159.json",
    "companies_batch_022_20250625_084016.json",
    "companies_batch_023_20250625_090007.json",
    "companies_batch_024_20250625_101101.json",
    "companies_batch_025_20250625_103055.json",
    "companies_batch_026_20250625_105003.json",
    "companies_batch_027_20250625_112625.json",
    "companies_batch_028_20250625_114557.json",
    "companies_batch_029_20250625_120426.json",
    "companies_batch_030_20250625_122333.json",
    "companies_batch_031_20250625_124245.json",
    "companies_batch_032_20250625_141214.json",
    "companies_batch_033_20250625_143305.json",
    "companies_batch_034_20250625_145316.json",
    "companies_batch_035_20250625_175202.json",
    "companies_batch_036_20250625_181145.json",
    "companies_batch_037_20250625_182953.json",
    "companies_batch_038_20250625_184808.json",
    "companies_batch_039_20250625_190608.json",
    "companies_batch_040_20250625_192407.json",
    "companies_batch_041_20250625_194223.json",
    "companies_batch_042_20250625_195953.json",
    "companies_batch_043_20250625_201758.json",
    "companies_batch_044_20250625_203645.json",
    "companies_batch_045_20250625_205643.json",
    "companies_batch_046_20250625_210823.json"
  ],
  "generated_at": "2025-06-25T21:47:09.176560",
  "generation_time_seconds": 72585.07889008522
}